File Name,Peptide Modified Sequence,Min Start Time,Max End Time,Precursor Charge,PrecursorIsDecoy
09132018_RAS_mouse_mAbs_synth_Pcapt_Grp2_neg_ctrl_21min_inj01.wiff,YSSDPTGALTEDSIDDTFLPVPEYINQSVPK,13.52,13.8,3,False
09132018_RAS_mouse_mAbs_synth_Pcapt_Grp2_21min_inj01.wiff,YSSDPTGALTEDSIDDTFLPVPEYINQSVPK,13.52,13.92,3,False
09212018_RAS_Grp2_500ug_4RASmix_endo_neg_ctrl_38min_inj01.wiff,YSSDPTGALTEDSIDDTFLPVPEYINQSVPK,21.21,21.85,3,False
09212018_RAS_Grp2_500ug_4RASmix_endo_38min_inj01.wiff,YSSDPTGALTEDSIDDTFLPVPEYINQSVPK,21.18,21.86,3,False
09212018_RAS_Grp2_500ug_MCF10AKRAS_endo_neg_ctrl_38min_inj01_01.wiff,YSSDPTGALTEDSIDDTFLPVPEYINQSVPK,21.18,21.83,3,False
09212018_RAS_Grp2_500ug_MCF10AKRAS_endo_38min_inj01.wiff,YSSDPTGALTEDSIDDTFLPVPEYINQSVPK,21.19,21.83,3,False
09212018_RAS_Grp2_500ug_EGFHeLa_endo_neg_ctrl_38min_inj01_01.wiff,YSSDPTGALTEDSIDDTFLPVPEYINQSVPK,21.21,21.9,3,False
09212018_RAS_Grp2_500ug_EGFHeLa_endo_38min_inj01.wiff,YSSDPTGALTEDSIDDTFLPVPEYINQSVPK,21.19,21.83,3,False
09212018_RAS_Grp2_500ug_InsHEK293_endo_neg_ctrl_38min_inj01_01.wiff,YSSDPTGALTEDSIDDTFLPVPEYINQSVPK,21.25,21.65,3,False
09212018_RAS_Grp2_500ug_InsHEK293_endo_38min_inj01.wiff,YSSDPTGALTEDSIDDTFLPVPEYINQSVPK,21.23,21.78,3,False
09132018_RAS_mouse_mAbs_synth_Pcapt_Grp2_neg_ctrl_21min_inj01.wiff,YSSDPTGALTEDSIDDTFLPVPEYINQSVPK,13.52,13.8,3,False
09132018_RAS_mouse_mAbs_synth_Pcapt_Grp2_21min_inj01.wiff,YSSDPTGALTEDSIDDTFLPVPEYINQSVPK,13.52,13.92,3,False
09212018_RAS_Grp2_500ug_4RASmix_endo_neg_ctrl_38min_inj01.wiff,YSSDPTGALTEDSIDDTFLPVPEYINQSVPK,21.21,21.85,3,False
09212018_RAS_Grp2_500ug_4RASmix_endo_38min_inj01.wiff,YSSDPTGALTEDSIDDTFLPVPEYINQSVPK,21.18,21.86,3,False
09212018_RAS_Grp2_500ug_MCF10AKRAS_endo_neg_ctrl_38min_inj01_01.wiff,YSSDPTGALTEDSIDDTFLPVPEYINQSVPK,21.18,21.83,3,False
09212018_RAS_Grp2_500ug_MCF10AKRAS_endo_38min_inj01.wiff,YSSDPTGALTEDSIDDTFLPVPEYINQSVPK,21.19,21.83,3,False
09212018_RAS_Grp2_500ug_EGFHeLa_endo_neg_ctrl_38min_inj01_01.wiff,YSSDPTGALTEDSIDDTFLPVPEYINQSVPK,21.21,21.9,3,False
09212018_RAS_Grp2_500ug_EGFHeLa_endo_38min_inj01.wiff,YSSDPTGALTEDSIDDTFLPVPEYINQSVPK,21.19,21.83,3,False
09212018_RAS_Grp2_500ug_InsHEK293_endo_neg_ctrl_38min_inj01_01.wiff,YSSDPTGALTEDSIDDTFLPVPEYINQSVPK,21.25,21.65,3,False
09212018_RAS_Grp2_500ug_InsHEK293_endo_38min_inj01.wiff,YSSDPTGALTEDSIDDTFLPVPEYINQSVPK,21.23,21.78,3,False
09132018_RAS_mouse_mAbs_synth_Pcapt_Grp2_neg_ctrl_21min_inj01.wiff,Y[+80]SSDPTGALTEDSIDDTFLPVPEYINQSVPK,14.19,14.54,3,False
09132018_RAS_mouse_mAbs_synth_Pcapt_Grp2_21min_inj01.wiff,Y[+80]SSDPTGALTEDSIDDTFLPVPEYINQSVPK,14.2,14.59,3,False
09212018_RAS_Grp2_500ug_4RASmix_endo_neg_ctrl_38min_inj01.wiff,Y[+80]SSDPTGALTEDSIDDTFLPVPEYINQSVPK,21.85,22.16,3,False
09212018_RAS_Grp2_500ug_4RASmix_endo_38min_inj01.wiff,Y[+80]SSDPTGALTEDSIDDTFLPVPEYINQSVPK,21.75,22.53,3,False
09212018_RAS_Grp2_500ug_MCF10AKRAS_endo_neg_ctrl_38min_inj01_01.wiff,Y[+80]SSDPTGALTEDSIDDTFLPVPEYINQSVPK,21.8,22.27,3,False
09212018_RAS_Grp2_500ug_MCF10AKRAS_endo_38min_inj01.wiff,Y[+80]SSDPTGALTEDSIDDTFLPVPEYINQSVPK,21.78,22.35,3,False
09212018_RAS_Grp2_500ug_EGFHeLa_endo_neg_ctrl_38min_inj01_01.wiff,Y[+80]SSDPTGALTEDSIDDTFLPVPEYINQSVPK,21.65,22.51,3,False
09212018_RAS_Grp2_500ug_EGFHeLa_endo_38min_inj01.wiff,Y[+80]SSDPTGALTEDSIDDTFLPVPEYINQSVPK,21.78,22.4,3,False
09212018_RAS_Grp2_500ug_InsHEK293_endo_neg_ctrl_38min_inj01_01.wiff,Y[+80]SSDPTGALTEDSIDDTFLPVPEYINQSVPK,21.81,22.33,3,False
09212018_RAS_Grp2_500ug_InsHEK293_endo_38min_inj01.wiff,Y[+80]SSDPTGALTEDSIDDTFLPVPEYINQSVPK,21.76,22.43,3,False
09132018_RAS_mouse_mAbs_synth_Pcapt_Grp2_neg_ctrl_21min_inj01.wiff,Y[+80]SSDPTGALTEDSIDDTFLPVPEYINQSVPK,14.19,14.54,3,False
09132018_RAS_mouse_mAbs_synth_Pcapt_Grp2_21min_inj01.wiff,Y[+80]SSDPTGALTEDSIDDTFLPVPEYINQSVPK,14.2,14.59,3,False
09212018_RAS_Grp2_500ug_4RASmix_endo_neg_ctrl_38min_inj01.wiff,Y[+80]SSDPTGALTEDSIDDTFLPVPEYINQSVPK,21.85,22.16,3,False
09212018_RAS_Grp2_500ug_4RASmix_endo_38min_inj01.wiff,Y[+80]SSDPTGALTEDSIDDTFLPVPEYINQSVPK,21.75,22.53,3,False
09212018_RAS_Grp2_500ug_MCF10AKRAS_endo_neg_ctrl_38min_inj01_01.wiff,Y[+80]SSDPTGALTEDSIDDTFLPVPEYINQSVPK,21.8,22.27,3,False
09212018_RAS_Grp2_500ug_MCF10AKRAS_endo_38min_inj01.wiff,Y[+80]SSDPTGALTEDSIDDTFLPVPEYINQSVPK,21.78,22.35,3,False
09212018_RAS_Grp2_500ug_EGFHeLa_endo_neg_ctrl_38min_inj01_01.wiff,Y[+80]SSDPTGALTEDSIDDTFLPVPEYINQSVPK,21.65,22.51,3,False
09212018_RAS_Grp2_500ug_EGFHeLa_endo_38min_inj01.wiff,Y[+80]SSDPTGALTEDSIDDTFLPVPEYINQSVPK,21.78,22.4,3,False
09212018_RAS_Grp2_500ug_InsHEK293_endo_neg_ctrl_38min_inj01_01.wiff,Y[+80]SSDPTGALTEDSIDDTFLPVPEYINQSVPK,21.81,22.33,3,False
09212018_RAS_Grp2_500ug_InsHEK293_endo_38min_inj01.wiff,Y[+80]SSDPTGALTEDSIDDTFLPVPEYINQSVPK,21.76,22.43,3,False
09132018_RAS_mouse_mAbs_synth_Pcapt_Grp2_neg_ctrl_21min_inj01.wiff,YSSDPTGALTEDSIDDTFLPVPEY[+80]INQSVPK,13.78,14.15,3,False
09132018_RAS_mouse_mAbs_synth_Pcapt_Grp2_21min_inj01.wiff,YSSDPTGALTEDSIDDTFLPVPEY[+80]INQSVPK,13.77,14.21,3,False
09212018_RAS_Grp2_500ug_4RASmix_endo_neg_ctrl_38min_inj01.wiff,YSSDPTGALTEDSIDDTFLPVPEY[+80]INQSVPK,21.15,21.65,3,False
09212018_RAS_Grp2_500ug_4RASmix_endo_38min_inj01.wiff,YSSDPTGALTEDSIDDTFLPVPEY[+80]INQSVPK,21.15,21.82,3,False
09212018_RAS_Grp2_500ug_MCF10AKRAS_endo_neg_ctrl_38min_inj01_01.wiff,YSSDPTGALTEDSIDDTFLPVPEY[+80]INQSVPK,21.2,21.53,3,False
09212018_RAS_Grp2_500ug_MCF10AKRAS_endo_38min_inj01.wiff,YSSDPTGALTEDSIDDTFLPVPEY[+80]INQSVPK,21.16,21.83,3,False
09212018_RAS_Grp2_500ug_EGFHeLa_endo_neg_ctrl_38min_inj01_01.wiff,YSSDPTGALTEDSIDDTFLPVPEY[+80]INQSVPK,21.15,21.65,3,False
09212018_RAS_Grp2_500ug_EGFHeLa_endo_38min_inj01.wiff,YSSDPTGALTEDSIDDTFLPVPEY[+80]INQSVPK,21.16,21.92,3,False
09212018_RAS_Grp2_500ug_InsHEK293_endo_neg_ctrl_38min_inj01_01.wiff,YSSDPTGALTEDSIDDTFLPVPEY[+80]INQSVPK,21.16,21.52,3,False
09212018_RAS_Grp2_500ug_InsHEK293_endo_38min_inj01.wiff,YSSDPTGALTEDSIDDTFLPVPEY[+80]INQSVPK,21.18,21.77,3,False
09132018_RAS_mouse_mAbs_synth_Pcapt_Grp2_neg_ctrl_21min_inj01.wiff,YSSDPTGALTEDSIDDTFLPVPEY[+80]INQSVPK,13.78,14.15,3,False
09132018_RAS_mouse_mAbs_synth_Pcapt_Grp2_21min_inj01.wiff,YSSDPTGALTEDSIDDTFLPVPEY[+80]INQSVPK,13.77,14.21,3,False
09212018_RAS_Grp2_500ug_4RASmix_endo_neg_ctrl_38min_inj01.wiff,YSSDPTGALTEDSIDDTFLPVPEY[+80]INQSVPK,21.15,21.65,3,False
09212018_RAS_Grp2_500ug_4RASmix_endo_38min_inj01.wiff,YSSDPTGALTEDSIDDTFLPVPEY[+80]INQSVPK,21.15,21.82,3,False
09212018_RAS_Grp2_500ug_MCF10AKRAS_endo_neg_ctrl_38min_inj01_01.wiff,YSSDPTGALTEDSIDDTFLPVPEY[+80]INQSVPK,21.2,21.53,3,False
09212018_RAS_Grp2_500ug_MCF10AKRAS_endo_38min_inj01.wiff,YSSDPTGALTEDSIDDTFLPVPEY[+80]INQSVPK,21.16,21.83,3,False
09212018_RAS_Grp2_500ug_EGFHeLa_endo_neg_ctrl_38min_inj01_01.wiff,YSSDPTGALTEDSIDDTFLPVPEY[+80]INQSVPK,21.15,21.65,3,False
09212018_RAS_Grp2_500ug_EGFHeLa_endo_38min_inj01.wiff,YSSDPTGALTEDSIDDTFLPVPEY[+80]INQSVPK,21.16,21.92,3,False
09212018_RAS_Grp2_500ug_InsHEK293_endo_neg_ctrl_38min_inj01_01.wiff,YSSDPTGALTEDSIDDTFLPVPEY[+80]INQSVPK,21.16,21.52,3,False
09212018_RAS_Grp2_500ug_InsHEK293_endo_38min_inj01.wiff,YSSDPTGALTEDSIDDTFLPVPEY[+80]INQSVPK,21.18,21.77,3,False
